{
  "distribution": [
    0.9111111111111111,
    0.7728395061728395,
    0.9530864197530864,
    1.0
  ],
  "label": [
    0,
    1,
    2,
    3,
    4,
    5,
    6,
    7,
    8,
    9,
    10,
    11,
    12,
    13,
    14,
    15,
    16,
    17,
    18,
    19,
    20,
    21,
    22,
    23,
    24,
    25,
    27,
    31,
    32,
    33,
    36,
    37,
    38,
    43,
    46,
    49,
    54,
    61,
    62,
    64
  ]
}