{
  "distribution": [
    0.9631578947368421,
    0.8,
    0.9421052631578948,
    1.0
  ],
  "indexes": [
    2,
    0,
    3,
    7,
    4,
    1,
    16,
    12,
    6,
    5,
    19,
    17,
    11,
    8,
    22,
    20,
    13,
    9,
    43,
    23,
    15,
    10,
    49,
    24,
    14,
    27,
    54,
    31,
    18,
    61,
    33,
    32,
    21,
    62,
    37,
    36,
    25,
    64,
    46,
    38,
    26,
    68,
    39,
    52,
    28,
    74,
    40,
    29,
    53,
    79,
    41,
    30,
    56,
    86,
    44,
    34,
    91,
    60,
    47,
    35,
    92,
    48,
    65,
    42,
    95,
    50,
    67,
    45,
    55,
    101,
    51,
    71,
    66,
    102,
    57,
    73,
    70,
    104,
    58,
    72,
    105,
    75,
    59,
    81,
    106,
    76,
    63,
    84,
    107,
    78,
    69,
    85,
    111,
    77,
    80,
    110,
    114,
    82,
    112,
    90,
    115,
    83,
    113,
    93,
    116,
    117,
    87,
    120,
    94,
    124,
    88,
    122,
    96,
    127,
    89,
    125,
    129,
    98,
    97,
    138,
    131,
    100,
    99,
    140,
    136,
    119,
    103,
    143,
    139,
    123,
    108,
    142,
    144,
    126,
    149,
    145,
    128,
    109,
    150,
    152,
    130,
    118,
    153,
    156,
    135,
    121,
    154,
    158,
    137,
    132,
    162,
    160,
    146,
    165,
    133,
    161,
    147,
    168,
    164,
    148,
    134,
    169,
    180,
    151,
    141,
    172,
    182,
    166,
    155,
    176,
    183,
    170,
    178,
    157,
    186,
    174,
    179,
    159,
    184,
    195,
    181,
    163,
    188,
    196,
    187,
    189,
    197,
    167,
    190,
    198,
    199,
    191,
    171,
    208,
    192,
    202,
    173,
    209,
    193,
    203,
    175,
    211,
    200,
    204,
    177,
    205,
    216,
    212,
    206,
    218,
    217,
    185,
    210,
    226,
    221,
    194,
    215,
    228,
    227,
    201,
    222,
    236,
    229,
    207,
    224,
    238,
    231,
    233,
    239,
    213,
    232,
    234,
    243,
    214,
    241,
    240,
    247,
    244,
    219,
    242,
    252,
    245,
    220,
    246,
    255,
    248,
    250,
    223,
    256,
    249,
    257,
    258,
    225,
    253,
    259,
    265,
    230,
    254,
    260,
    266,
    235,
    261,
    263,
    267,
    262,
    269,
    237,
    268,
    264,
    270,
    251,
    272,
    281,
    271,
    274,
    273,
    284,
    275,
    277,
    278,
    287,
    276,
    279,
    292,
    289,
    280,
    282,
    298,
    286,
    290,
    283,
    299,
    288,
    300,
    285,
    309,
    291,
    293,
    301,
    319,
    295,
    294,
    321,
    313,
    302,
    322,
    296,
    314,
    304,
    324,
    297,
    315,
    305,
    325,
    303,
    308,
    317,
    331,
    306,
    310,
    333,
    307,
    320,
    337,
    312,
    311,
    326,
    346,
    316,
    328,
    327,
    348,
    318,
    334,
    338,
    349,
    323,
    335,
    355,
    329,
    336,
    347,
    357,
    330,
    339,
    350,
    359,
    332,
    340,
    351,
    360,
    341,
    344,
    353,
    380,
    342,
    362,
    388,
    356,
    343,
    363,
    389,
    358,
    345,
    364,
    392,
    352,
    366,
    361,
    396,
    354,
    368,
    365,
    398,
    372,
    369,
    399,
    367,
    375,
    370,
    401,
    373,
    377,
    371,
    403,
    410,
    381,
    406,
    374,
    382,
    412,
    407,
    376,
    385,
    418,
    378,
    415,
    393,
    421,
    379,
    420,
    395,
    424,
    383,
    428,
    430,
    397,
    384,
    431,
    434,
    404,
    386,
    435,
    405,
    433,
    387,
    437,
    413,
    390,
    448,
    438,
    414,
    391,
    456,
    440,
    416,
    394,
    466,
    442,
    417,
    400,
    444,
    423,
    469,
    402,
    449,
    427,
    475,
    408,
    450,
    439,
    479,
    409,
    451,
    443,
    411,
    480,
    453,
    447,
    457,
    419,
    486,
    458,
    459,
    422,
    460,
    489,
    462,
    425,
    464,
    493,
    463,
    426,
    465,
    495,
    470,
    429,
    471,
    476,
    432,
    497,
    472,
    478,
    436,
    503,
    473,
    481,
    441,
    474,
    504,
    483,
    445,
    484,
    507,
    488,
    446,
    490,
    492,
    509,
    452,
    496,
    494,
    510,
    454,
    500,
    498,
    455,
    517,
    502,
    499,
    461,
    516,
    527,
    506,
    467,
    508,
    518,
    531,
    468,
    511,
    519,
    534,
    477,
    523,
    520,
    541,
    524,
    482,
    521,
    545,
    533,
    485,
    525,
    536,
    487,
    526,
    552,
    538,
    530,
    491,
    557,
    543,
    532,
    501,
    558,
    546,
    537,
    505,
    562,
    549,
    540,
    512,
    560,
    567,
    542,
    513,
    568,
    544,
    514,
    571,
    570,
    547,
    515,
    573,
    576,
    548,
    522,
    579,
    581,
    551,
    528,
    582,
    583,
    553,
    529,
    586,
    584,
    554,
    535,
    588,
    555,
    585,
    539,
    589,
    556,
    550,
    587,
    591,
    561,
    595,
    559,
    590,
    564,
    599,
    563,
    592,
    565,
    604,
    569,
    593,
    566,
    608,
    574,
    572,
    594,
    611,
    575,
    577,
    613,
    580,
    596,
    578,
    614,
    597,
    598,
    615,
    601,
    603,
    600,
    616,
    606,
    612,
    602,
    617,
    607,
    618,
    620,
    609,
    605,
    619,
    621,
    627,
    610,
    622,
    623,
    628,
    631,
    632,
    624,
    635,
    636,
    633,
    625,
    637,
    639,
    626,
    638,
    634,
    644,
    629,
    640,
    643,
    630,
    648,
    647,
    646,
    641,
    649,
    650,
    652,
    642,
    659,
    651,
    645,
    660,
    655,
    653,
    654,
    662,
    658,
    661,
    656,
    668,
    671,
    664,
    657,
    681,
    674,
    665,
    663,
    683,
    676,
    666,
    670,
    686,
    678,
    667,
    687,
    673,
    682,
    669,
    688,
    684,
    677,
    672,
    690,
    689,
    679,
    675,
    694,
    691,
    680,
    693,
    698,
    695,
    685,
    697,
    700,
    696,
    692,
    699,
    703,
    701,
    702
  ]
}