{
  "distribution": [
    0.9111111111111111,
    0.7728395061728395,
    0.9530864197530864,
    1.0
  ],
  "indexes": [
    2,
    3,
    0,
    7,
    4,
    16,
    1,
    12,
    6,
    19,
    5,
    17,
    11,
    22,
    8,
    20,
    13,
    43,
    9,
    15,
    49,
    23,
    10,
    24,
    54,
    27,
    14,
    31,
    61,
    18,
    33,
    32,
    62,
    21,
    36,
    37,
    64,
    25,
    38,
    46,
    68,
    26,
    39,
    74,
    52,
    40,
    28,
    79,
    53,
    41,
    29,
    86,
    44,
    30,
    56,
    91,
    47,
    34,
    60,
    92,
    48,
    35,
    95,
    65,
    50,
    42,
    101,
    55,
    67,
    45,
    102,
    66,
    71,
    51,
    104,
    70,
    73,
    57,
    105,
    72,
    58,
    75,
    81,
    106,
    84,
    107,
    59,
    76,
    85,
    111,
    63,
    78,
    110,
    114,
    69,
    80,
    112,
    115,
    77,
    113,
    116,
    90,
    82,
    117,
    120,
    83,
    93,
    124,
    122,
    87,
    94,
    127,
    125,
    88,
    129,
    96,
    138,
    89,
    131,
    97,
    140,
    98,
    136,
    143,
    99,
    139,
    100,
    144,
    103,
    142,
    119,
    145,
    149,
    123,
    108,
    152,
    150,
    126,
    109,
    156,
    153,
    128,
    158,
    118,
    154,
    130,
    160,
    162,
    121,
    135,
    161,
    165,
    132,
    137,
    164,
    168,
    133,
    146,
    169,
    180,
    147,
    134,
    172,
    182,
    148,
    176,
    183,
    141,
    178,
    151,
    186,
    155,
    179,
    195,
    166,
    157,
    181,
    196,
    170,
    187,
    197,
    159,
    174,
    190,
    199,
    184,
    163,
    191,
    202,
    188,
    167,
    192,
    203,
    189,
    193,
    171,
    204,
    198,
    200,
    173,
    212,
    208,
    205,
    217,
    175,
    209,
    206,
    221,
    177,
    210,
    211,
    227,
    215,
    216,
    185,
    229,
    222,
    218,
    194,
    231,
    224,
    226,
    201,
    232,
    233,
    228,
    241,
    234,
    207,
    236,
    244,
    240,
    213,
    238,
    242,
    245,
    214,
    239,
    246,
    248,
    243,
    219,
    250,
    249,
    247,
    257,
    253,
    220,
    259,
    252,
    254,
    223,
    260,
    255,
    263,
    225,
    261,
    256,
    269,
    262,
    230,
    270,
    258,
    264,
    271,
    265,
    235,
    281,
    275,
    266,
    237,
    284,
    276,
    267,
    287,
    251,
    280,
    268,
    292,
    273,
    286,
    272,
    298,
    288,
    278,
    274,
    299,
    291,
    289,
    309,
    277,
    295,
    319,
    279,
    290,
    302,
    321,
    282,
    300,
    304,
    322,
    283,
    301,
    305,
    324,
    285,
    308,
    325,
    313,
    293,
    310,
    331,
    314,
    294,
    333,
    312,
    296,
    315,
    337,
    316,
    297,
    317,
    346,
    318,
    303,
    348,
    323,
    320,
    306,
    349,
    329,
    326,
    355,
    307,
    330,
    327,
    357,
    311,
    332,
    359,
    338,
    328,
    344,
    360,
    334,
    362,
    347,
    380,
    363,
    335,
    350,
    388,
    364,
    336,
    389,
    351,
    366,
    339,
    392,
    353,
    368,
    340,
    396,
    369,
    356,
    341,
    398,
    370,
    358,
    342,
    399,
    371,
    401,
    343,
    361,
    374,
    403,
    345,
    365,
    376,
    406,
    352,
    367,
    378,
    407,
    354,
    379,
    418,
    373,
    372,
    421,
    383,
    410,
    375,
    424,
    384,
    377,
    412,
    430,
    386,
    381,
    415,
    434,
    387,
    382,
    435,
    390,
    420,
    385,
    437,
    391,
    428,
    438,
    393,
    394,
    431,
    440,
    395,
    400,
    442,
    397,
    433,
    402,
    444,
    404,
    408,
    448,
    449,
    405,
    409,
    456,
    450,
    413,
    411,
    451,
    466,
    419,
    414,
    453,
    469,
    422,
    416,
    457,
    475,
    425,
    417,
    459,
    426,
    423,
    479,
    462,
    429,
    463,
    427,
    480,
    432,
    470,
    439,
    486,
    436,
    476,
    443,
    489,
    441,
    478,
    447,
    481,
    445,
    493,
    458,
    483,
    446,
    495,
    460,
    488,
    452,
    464,
    497,
    492,
    454,
    465,
    503,
    494,
    455,
    471,
    498,
    461,
    504,
    472,
    499,
    467,
    507,
    473,
    506,
    468,
    509,
    508,
    474,
    477,
    511,
    484,
    510,
    482,
    523,
    490,
    485,
    517,
    524,
    496,
    487,
    527,
    533,
    500,
    491,
    536,
    531,
    502,
    501,
    538,
    534,
    505,
    516,
    543,
    541,
    512,
    518,
    546,
    513,
    519,
    545,
    549,
    514,
    520,
    560,
    552,
    515,
    568,
    521,
    557,
    522,
    570,
    525,
    558,
    528,
    576,
    526,
    581,
    529,
    562,
    530,
    582,
    535,
    532,
    567,
    586,
    539,
    537,
    571,
    588,
    550,
    540,
    573,
    589,
    559,
    542,
    591,
    563,
    579,
    544,
    595,
    569,
    583,
    547,
    599,
    574,
    584,
    604,
    548,
    575,
    608,
    551,
    585,
    580,
    611,
    553,
    597,
    587,
    613,
    554,
    603,
    590,
    614,
    555,
    612,
    615,
    592,
    556,
    618,
    616,
    593,
    561,
    619,
    617,
    594,
    564,
    622,
    620,
    631,
    565,
    596,
    621,
    636,
    566,
    623,
    598,
    639,
    624,
    572,
    600,
    644,
    625,
    577,
    602,
    626,
    648,
    578,
    629,
    649,
    605,
    601,
    630,
    659,
    606,
    610,
    641,
    660,
    607,
    632,
    642,
    662,
    609,
    633,
    645,
    668,
    627,
    654,
    681,
    634,
    628,
    656,
    683,
    643,
    635,
    657,
    686,
    646,
    637,
    663,
    687,
    666,
    638,
    652,
    688,
    667,
    640,
    655,
    690,
    669,
    647,
    694,
    661,
    672,
    650,
    698,
    675,
    664,
    651,
    700,
    680,
    665,
    653,
    703,
    685,
    670,
    658,
    707,
    692,
    671,
    717,
    673,
    702,
    674,
    721,
    704,
    677,
    726,
    676,
    706,
    679,
    710,
    728,
    678,
    693,
    716,
    730,
    682,
    727,
    734,
    697,
    684,
    731,
    736,
    689,
    699,
    732,
    738,
    691,
    705,
    733,
    743,
    695,
    711,
    735,
    751,
    696,
    737,
    753,
    712,
    701,
    744,
    756,
    714,
    708,
    745,
    758,
    718,
    709,
    750,
    760,
    757,
    713,
    719,
    770,
    762,
    715,
    720,
    773,
    765,
    723,
    787,
    722,
    766,
    729,
    789,
    767,
    724,
    740,
    790,
    768,
    725,
    746,
    793,
    779,
    747,
    739,
    796,
    784,
    748,
    800,
    741,
    785,
    752,
    802,
    794,
    742,
    754,
    814,
    797,
    749,
    799,
    820,
    764,
    755,
    801,
    822,
    769,
    807,
    823,
    771,
    759,
    812,
    827,
    774,
    761,
    815,
    831,
    775,
    763,
    817,
    835,
    778,
    772,
    819,
    837,
    783,
    821,
    839,
    776,
    786,
    832,
    841,
    777,
    788,
    838,
    844,
    780,
    792,
    840,
    847,
    795,
    845,
    781,
    849,
    848,
    798,
    782,
    851,
    854,
    803,
    853,
    791,
    855,
    804,
    859,
    856,
    808,
    805,
    875,
    860,
    813,
    806,
    879,
    866,
    809,
    824,
    881,
    869,
    810,
    828,
    883,
    873,
    811,
    884,
    876,
    829,
    816,
    877,
    890,
    834,
    818,
    880,
    892,
    836,
    885,
    825,
    893,
    901,
    895,
    826,
    843,
    902,
    915,
    830,
    846,
    903,
    918,
    833,
    850,
    904,
    924,
    842,
    857,
    908,
    928,
    852,
    911,
    863,
